Id,Name,BTC,ETH,LTC,XRP
1,User1,2.0,1.6,1.9,3.5
2,User2,2.5,5.0,4.7,3.3
3,User3,2.9,1.6,2.4,1.4
4,User4,0.9,2.7,3.0,1.8
5,User5,2.3,2.3,4.1,2.9
6,User6,1.1,4.6,0.4,4.2
7,User7,0.9,3.1,3.7,2.0
8,User8,2.1,5.0,1.0,4.6
9,User9,3.2,2.2,2.1,0.9
10,User10,1.1,2.6,0.2,0.2
11,User11,4.8,0.9,1.0,3.0
12,User12,4.6,3.7,0.4,3.4
13,User13,0.5,4.1,2.6,3.6
14,User14,3.9,2.1,5.0,0.1
15,User15,0.7,2.8,4.7,4.5
16,User16,2.3,3.9,1.5,4.9
17,User17,1.0,0.6,1.2,2.9
18,User18,3.2,0.8,4.3,0.7
19,User19,1.3,3.3,4.3,3.9
20,User20,4.1,4.7,1.7,0.7
21,User21,4.1,0.8,1.3,2.8
22,User22,4.4,4.6,4.4,1.9
23,User23,1.5,2.8,4.3,0.2
24,User24,2.1,2.7,0.2,1.3
25,User25,0.2,0.2,2.1,3.8
26,User26,1.1,2.3,3.8,1.8
27,User27,3.7,0.8,2.1,1.1
28,User28,2.8,1.7,1.9,0.4
29,User29,4.4,5.0,3.1,1.1
30,User30,3.5,4.0,2.8,4.1
31,User31,3.7,0.4,3.1,0.3
32,User32,2.0,1.6,2.4,3.4
33,User33,3.6,0.2,2.9,4.4
34,User34,3.4,4.5,1.4,0.7
35,User35,0.2,1.9,0.6,3.4
36,User36,2.5,0.9,0.6,2.2
37,User37,2.5,2.2,4.7,2.8
38,User38,1.6,1.3,1.3,1.8
39,User39,1.9,3.4,4.9,3.8
40,User40,0.4,2.1,3.1,3.6
41,User41,2.9,4.4,0.6,0.2
42,User42,2.5,2.3,0.2,0.2
43,User43,2.0,4.2,2.1,2.6
44,User44,4.1,0.8,2.6,3.4
45,User45,3.2,3.0,3.5,1.7
46,User46,0.1,2.8,1.3,4.0
47,User47,0.1,1.4,0.3,2.8
48,User48,2.0,3.1,0.6,4.8
49,User49,4.9,1.0,1.4,0.2
50,User50,0.6,2.8,4.4,4.0
51,User51,2.2,3.8,2.3,2.5
52,User52,3.4,0.9,1.0,3.1
53,User53,4.8,1.4,0.8,3.5
54,User54,4.1,3.0,2.8,2.9
55,User55,2.6,3.4,0.7,3.5
56,User56,2.1,2.1,2.3,3.4
57,User57,4.3,4.3,1.7,2.6
58,User58,4.9,1.5,1.4,0.2
59,User59,4.4,0.5,2.9,2.7
60,User60,4.0,1.7,0.5,4.9
61,User61,4.4,3.6,1.3,4.3
62,User62,2.2,3.7,0.3,4.3
63,User63,1.5,0.4,0.0,4.3
64,User64,2.5,3.7,1.3,4.1
65,User65,2.6,1.7,0.6,1.2
66,User66,0.1,3.8,0.4,4.2
67,User67,4.0,4.2,0.5,4.9
68,User68,1.5,0.2,2.2,3.6
69,User69,0.7,4.4,3.5,0.3
70,User70,1.6,3.7,3.7,4.4
71,User71,0.7,0.9,1.8,4.4
72,User72,3.3,3.6,4.6,0.6
73,User73,4.0,3.1,4.2,3.7
74,User74,2.5,3.6,1.5,3.9
75,User75,4.6,3.4,2.5,4.5
76,User76,2.9,3.1,0.2,0.0
77,User77,2.2,3.5,2.1,3.9
78,User78,4.7,0.5,1.4,3.3
79,User79,0.5,1.4,2.5,3.6
80,User80,1.7,4.0,2.5,3.0
81,User81,1.2,0.4,0.3,0.5
82,User82,4.0,2.9,2.2,1.1
83,User83,1.2,3.3,3.2,3.9
84,User84,3.7,0.1,3.3,0.6
85,User85,1.7,4.0,0.8,1.2
86,User86,2.2,3.3,3.9,3.7
87,User87,4.4,3.9,1.3,4.3
88,User88,0.8,0.4,3.7,1.1
89,User89,3.7,3.7,4.5,0.2
90,User90,4.0,2.5,4.0,3.7
91,User91,4.7,2.1,2.1,2.0
92,User92,0.2,3.3,4.6,4.4
93,User93,2.6,1.7,1.9,0.2
94,User94,2.5,1.3,4.5,2.0
95,User95,0.9,4.1,1.4,3.5
96,User96,1.0,4.7,2.6,4.0
97,User97,1.7,4.6,3.5,1.5
98,User98,1.0,4.0,0.8,4.2
99,User99,2.4,1.8,2.6,0.0
100,User100,3.4,4.1,0.3,0.7
101,User101,0.7,0.6,1.9,0.8
102,User102,1.8,4.4,0.4,4.7
103,User103,2.7,1.2,1.7,2.1
104,User104,1.5,4.5,1.8,0.7
105,User105,1.2,4.1,3.0,0.8
106,User106,1.9,3.2,3.7,0.3
107,User107,0.0,1.5,2.8,3.5
108,User108,4.2,0.1,2.0,3.0
109,User109,2.8,0.2,3.6,0.6
110,User110,1.0,4.1,0.4,1.9
111,User111,1.5,4.1,1.1,4.7
112,User112,4.1,3.3,1.9,2.7
113,User113,1.0,2.9,3.6,1.5
114,User114,1.1,4.8,1.8,0.5
115,User115,4.4,1.6,1.9,0.2
116,User116,4.9,3.7,3.0,4.1
117,User117,1.3,3.0,4.2,2.8
118,User118,3.5,2.0,4.2,1.3
119,User119,4.6,3.2,2.3,1.0
120,User120,2.1,2.4,1.7,2.4
121,User121,5.0,3.1,1.4,4.5
122,User122,2.1,2.7,4.0,1.9
123,User123,3.4,3.6,3.0,0.1
124,User124,1.5,2.2,3.0,2.8
125,User125,0.3,4.5,4.7,3.9
126,User126,4.6,2.8,2.4,3.8
127,User127,1.6,4.1,3.6,3.6
128,User128,1.6,4.0,0.1,2.2
129,User129,1.6,0.1,1.2,4.6
130,User130,4.6,2.7,2.8,3.4
131,User131,1.1,2.1,2.5,0.4
132,User132,3.2,3.8,2.2,2.0
133,User133,2.7,3.7,0.5,4.0
134,User134,1.9,0.2,2.8,0.4
135,User135,4.0,2.4,0.7,1.6
136,User136,3.3,0.5,4.0,0.7
137,User137,3.9,1.7,4.7,3.7
138,User138,3.3,0.4,3.6,1.3
139,User139,4.8,2.5,0.2,3.5
140,User140,1.7,4.9,2.9,1.8
141,User141,3.3,4.9,3.7,3.0
142,User142,2.0,2.9,3.6,0.4
143,User143,4.5,4.4,0.5,0.9
144,User144,0.7,4.4,2.8,0.2
145,User145,1.1,3.2,1.1,0.0
146,User146,2.5,0.8,0.4,0.3
147,User147,3.2,0.3,1.0,4.1
148,User148,3.4,3.8,1.6,0.7
149,User149,3.9,0.7,0.8,2.2
150,User150,3.4,2.4,1.7,0.5
151,User151,3.9,4.7,0.6,0.5
152,User152,4.8,1.0,3.9,4.4
153,User153,1.5,3.4,3.2,3.1
154,User154,2.0,4.3,3.6,0.4
155,User155,0.7,1.0,3.0,4.8
156,User156,1.6,0.6,3.1,1.5
157,User157,4.1,1.8,2.6,3.6
158,User158,0.6,2.2,3.7,0.3
159,User159,2.9,4.1,0.3,4.9
160,User160,4.7,0.6,4.2,3.3
161,User161,1.6,2.3,4.7,0.7
162,User162,5.0,3.4,2.3,1.5
163,User163,2.9,2.1,1.3,0.7
164,User164,0.3,3.1,0.0,4.4
165,User165,3.4,2.3,4.5,4.3
166,User166,4.9,2.3,1.7,4.5
167,User167,1.2,4.8,3.1,3.3
168,User168,4.5,3.0,3.5,4.5
169,User169,1.0,4.9,4.4,2.1
170,User170,1.2,1.5,4.7,2.4
171,User171,3.9,0.8,3.4,2.4
172,User172,4.9,4.7,3.9,0.9
173,User173,4.7,1.8,3.7,2.6
174,User174,0.7,1.6,1.4,0.7
175,User175,2.7,1.2,5.0,4.4
176,User176,2.1,3.2,3.5,4.7
177,User177,4.4,1.1,1.4,1.4
178,User178,1.9,2.0,3.8,3.0
179,User179,3.5,2.9,1.2,3.5
180,User180,3.0,2.3,3.1,3.8
181,User181,3.9,3.4,2.2,0.2
182,User182,3.8,4.6,0.8,3.7
183,User183,1.1,2.1,4.2,3.1
184,User184,3.1,2.7,3.6,3.5
185,User185,4.1,2.1,0.6,3.8
186,User186,0.7,4.2,4.3,0.8
187,User187,2.7,3.4,3.5,0.5
188,User188,2.1,1.7,0.9,4.2
189,User189,0.7,3.2,1.6,0.9
190,User190,0.3,1.1,0.9,1.1
191,User191,3.1,4.1,2.4,2.6
192,User192,2.0,3.0,2.3,2.6
193,User193,4.3,3.0,1.2,1.7
194,User194,1.5,0.7,0.8,0.3
195,User195,3.5,3.2,0.2,3.4
196,User196,3.9,3.5,0.8,3.9
197,User197,1.2,1.0,3.2,0.3
198,User198,2.3,0.9,1.5,0.3
199,User199,1.6,1.5,1.7,3.6
200,User200,3.7,4.5,0.7,2.5
201,User201,2.8,4.2,2.3,3.4
202,User202,3.9,3.4,2.0,2.9
203,User203,1.7,4.5,1.2,3.6
204,User204,4.7,2.2,3.9,1.5
205,User205,1.3,2.4,4.2,3.2
206,User206,2.8,3.9,3.0,2.6
207,User207,1.9,2.5,3.4,2.9
208,User208,4.7,2.8,3.8,1.7
209,User209,2.9,0.2,4.6,3.9
210,User210,0.7,3.8,4.8,0.8
211,User211,3.0,0.6,2.7,2.8
212,User212,0.1,4.0,3.6,3.3
213,User213,4.0,0.1,1.6,2.4
214,User214,2.1,3.0,0.6,0.2
215,User215,4.6,0.7,4.5,1.0
216,User216,3.2,3.3,1.6,1.1
217,User217,3.4,1.0,3.4,2.0
218,User218,4.1,3.7,1.6,4.0
219,User219,1.9,1.5,1.7,1.5
220,User220,2.5,2.3,4.6,1.8
221,User221,3.3,1.8,4.9,3.8
222,User222,3.5,3.1,1.8,1.9
223,User223,0.1,4.6,3.0,0.5
224,User224,2.1,0.1,4.1,3.7
225,User225,0.1,0.1,0.5,4.3
226,User226,1.1,1.3,3.4,3.4
227,User227,5.0,4.5,4.7,2.6
228,User228,1.2,2.9,3.5,2.5
229,User229,3.9,4.4,2.6,3.7
230,User230,4.3,4.9,4.3,2.9
231,User231,4.3,1.4,2.8,1.2
232,User232,0.8,0.1,0.2,2.6
233,User233,4.1,2.5,1.4,0.7
234,User234,1.7,5.0,2.4,1.3
235,User235,0.4,2.7,4.7,4.3
236,User236,0.8,2.2,4.0,3.2
237,User237,1.9,3.0,0.8,4.1
238,User238,0.1,1.4,1.2,4.1
239,User239,1.9,3.0,1.1,0.1
240,User240,4.9,4.7,4.3,1.5
241,User241,0.5,2.8,0.0,4.1
242,User242,0.5,1.1,2.2,2.9
243,User243,3.5,2.1,1.9,3.1
244,User244,4.8,4.0,4.6,4.5
245,User245,1.5,2.9,1.3,1.5
246,User246,4.6,3.5,4.3,1.3
247,User247,4.3,1.7,2.9,3.7
248,User248,3.1,4.9,0.8,3.6
249,User249,3.4,4.9,4.4,1.7
250,User250,0.6,3.4,4.3,5.0
251,User251,3.3,0.3,1.3,4.7
252,User252,0.2,3.2,1.1,2.4
253,User253,2.8,1.6,0.4,0.9
254,User254,0.7,2.6,4.4,1.8
255,User255,4.7,1.7,1.7,1.0
256,User256,4.7,2.6,0.4,2.4
257,User257,1.5,2.6,3.9,2.6
258,User258,1.9,3.1,1.2,0.1
259,User259,4.7,1.5,1.4,0.5
260,User260,3.4,4.6,1.2,1.9
261,User261,1.5,3.6,4.0,1.2
262,User262,3.4,3.8,1.8,2.4
263,User263,3.4,2.4,0.9,3.7
264,User264,3.7,3.3,3.2,3.0
265,User265,1.0,1.8,2.7,1.1
266,User266,2.6,0.3,0.4,2.5
267,User267,2.9,2.5,3.9,4.9
268,User268,2.2,3.8,0.4,1.6
269,User269,3.7,4.7,4.0,2.3
270,User270,3.2,0.9,3.7,2.7
271,User271,0.4,2.4,2.2,1.4
272,User272,4.1,4.6,1.8,0.2
273,User273,3.6,4.0,4.0,2.1
274,User274,0.7,2.4,4.9,4.8
275,User275,3.1,0.2,0.0,4.7
276,User276,4.6,4.2,3.8,4.7
277,User277,3.1,4.0,1.5,3.1
278,User278,1.1,1.8,2.9,0.6
279,User279,2.7,0.2,4.4,4.4
280,User280,1.4,1.3,1.9,2.7
281,User281,1.9,0.3,1.0,2.0
282,User282,1.8,2.5,4.6,1.5
283,User283,1.9,0.0,3.0,4.3
284,User284,3.2,4.9,4.1,1.7
285,User285,3.9,1.6,0.2,0.5
286,User286,0.1,1.4,2.2,3.3
287,User287,5.0,0.8,4.5,1.6
288,User288,0.5,1.9,3.4,3.4
289,User289,0.1,2.9,4.5,1.2
290,User290,4.2,0.4,4.4,3.5
291,User291,0.6,0.9,1.4,2.2
292,User292,1.3,0.4,1.6,3.4
293,User293,4.6,2.0,2.0,0.6
294,User294,2.3,4.5,0.9,0.3
295,User295,4.3,3.5,4.3,0.4
296,User296,4.8,0.6,3.0,1.1
297,User297,1.4,1.6,0.3,2.9
298,User298,3.8,3.5,3.1,3.5
299,User299,3.0,1.4,4.5,3.7
300,User300,4.8,0.9,4.2,1.0
301,User301,4.0,4.9,3.3,0.1
302,User302,3.1,0.8,1.4,1.9
303,User303,3.0,1.6,3.1,2.4
304,User304,1.2,1.8,3.1,3.5
305,User305,1.6,2.3,4.7,3.0
306,User306,1.4,0.4,4.0,3.1
307,User307,1.5,2.0,3.0,4.7
308,User308,0.9,4.7,4.8,2.1
309,User309,2.5,1.1,2.7,4.3
310,User310,0.6,1.0,3.1,4.5
311,User311,1.3,2.6,2.4,0.6
312,User312,2.0,4.4,1.5,1.1
313,User313,4.0,1.6,4.9,1.3
314,User314,0.5,4.2,1.5,1.5
315,User315,3.2,3.9,1.7,2.4
316,User316,2.7,0.8,4.1,3.0
317,User317,0.2,0.8,0.0,1.6
318,User318,2.5,3.5,2.4,2.0
319,User319,2.3,5.0,1.3,3.1
320,User320,2.6,3.7,3.2,3.0
321,User321,0.4,2.7,0.8,3.7
322,User322,2.1,3.4,3.9,4.1
323,User323,2.1,3.6,3.0,1.7
324,User324,4.9,3.5,0.8,2.2
325,User325,1.2,1.8,1.7,4.2
326,User326,2.9,3.5,2.9,3.3
327,User327,2.2,1.2,3.0,2.1
328,User328,0.2,3.4,2.7,3.3
329,User329,3.5,2.2,4.2,1.3
330,User330,4.6,3.2,2.5,4.0
331,User331,3.6,4.4,2.1,2.7
332,User332,1.3,3.2,1.2,0.1
333,User333,3.8,0.3,1.9,4.6
334,User334,1.7,2.1,3.6,0.9
335,User335,3.1,2.0,3.5,0.3
336,User336,4.7,4.8,2.8,4.2
337,User337,0.4,3.5,2.7,0.3
338,User338,1.6,3.8,1.9,3.6
339,User339,4.5,3.4,2.7,4.8
340,User340,3.2,3.3,2.1,0.4
341,User341,2.7,2.0,0.6,3.9
342,User342,4.1,2.7,1.7,1.6
343,User343,0.4,1.9,0.0,2.8
344,User344,4.9,1.3,4.9,4.8
345,User345,2.3,1.6,0.5,2.8
346,User346,4.1,3.5,1.8,2.9
347,User347,4.1,0.2,4.8,2.2
348,User348,3.7,2.9,3.4,1.8
349,User349,1.2,4.9,2.1,1.0
350,User350,1.9,3.0,2.7,2.4
351,User351,3.0,0.6,2.3,0.6
352,User352,1.1,0.5,4.9,2.1
353,User353,1.1,3.4,1.1,4.6
354,User354,0.6,0.3,0.1,4.0
355,User355,2.1,2.0,3.2,0.1
356,User356,4.0,2.0,2.8,2.0
357,User357,1.1,3.0,0.8,3.4
358,User358,1.3,3.8,1.2,3.1
359,User359,3.7,1.7,4.0,0.2
360,User360,4.6,0.9,1.2,2.1
361,User361,1.0,0.3,0.1,3.8
362,User362,1.9,2.4,1.3,1.9
363,User363,2.5,4.5,2.2,2.6
364,User364,0.6,1.2,1.4,2.4
365,User365,2.8,2.0,2.3,3.4
366,User366,1.4,3.0,3.3,0.4
367,User367,1.3,1.2,0.7,4.3
368,User368,2.8,0.9,3.1,3.0
369,User369,2.7,1.1,0.0,0.8
370,User370,4.0,1.7,2.6,1.1
371,User371,3.4,4.3,2.3,1.9
372,User372,3.3,4.5,0.8,4.2
373,User373,1.9,0.2,1.1,2.2
374,User374,4.0,2.2,0.1,2.9
375,User375,4.0,3.3,4.3,4.4
376,User376,0.6,4.4,1.3,4.2
377,User377,2.8,1.8,1.0,4.4
378,User378,0.2,2.6,0.2,4.4
379,User379,4.0,2.5,2.1,3.0
380,User380,0.4,1.8,1.0,0.3
381,User381,2.8,1.3,0.0,3.3
382,User382,0.3,3.9,2.2,2.2
383,User383,3.6,2.4,3.6,3.6
384,User384,3.4,1.1,3.8,2.2
385,User385,0.1,1.3,3.1,4.2
386,User386,1.1,2.5,2.1,2.1
387,User387,1.8,4.7,2.2,0.9
388,User388,4.1,3.6,5.0,4.4
389,User389,1.8,3.7,4.6,3.4
390,User390,3.0,4.5,1.3,1.1
391,User391,1.7,0.5,1.0,1.5
392,User392,1.1,4.8,3.9,1.4
393,User393,3.0,3.4,4.6,4.7
394,User394,0.0,3.2,2.5,2.6
395,User395,1.5,1.9,0.0,2.8
396,User396,3.3,1.5,4.4,0.5
397,User397,3.8,0.1,0.5,4.3
398,User398,0.1,4.3,1.7,1.8
399,User399,1.2,2.1,0.4,0.4
400,User400,3.3,1.9,3.5,2.9
401,User401,2.8,0.4,1.3,4.5
402,User402,4.8,3.9,1.9,4.5
403,User403,0.2,3.3,0.9,2.5
404,User404,1.3,0.4,1.8,3.7
405,User405,3.0,4.4,0.5,0.9
406,User406,0.1,3.7,4.2,1.3
407,User407,0.1,4.1,1.8,1.9
408,User408,0.9,1.2,3.5,3.1
409,User409,3.9,2.2,2.7,3.3
410,User410,1.0,0.2,4.0,4.9
411,User411,4.0,4.2,0.8,0.4
412,User412,1.0,1.2,3.1,3.0
413,User413,1.5,4.2,3.9,0.5
414,User414,2.9,0.0,0.9,2.9
415,User415,0.7,3.1,1.5,0.6
416,User416,4.1,0.8,0.2,4.3
417,User417,4.4,2.4,4.2,3.8
418,User418,1.2,4.5,3.2,3.7
419,User419,0.4,1.6,4.5,0.1
420,User420,0.8,0.6,2.7,4.5
421,User421,3.0,4.7,1.3,3.6
422,User422,2.7,0.9,1.1,3.4
423,User423,0.4,2.8,4.3,3.5
424,User424,1.1,4.9,2.5,1.4
425,User425,3.9,0.4,5.0,0.6
426,User426,0.6,2.4,4.2,4.7
427,User427,2.2,4.8,0.8,1.2
428,User428,1.4,1.5,4.0,1.4
429,User429,3.6,3.9,1.8,0.0
430,User430,1.3,4.5,3.5,2.5
431,User431,3.7,3.7,1.0,1.3
432,User432,3.5,3.1,1.1,4.7
433,User433,1.8,4.5,2.9,0.1
434,User434,4.1,0.9,2.0,2.0
435,User435,2.7,3.1,3.9,3.2
436,User436,4.5,5.0,1.2,4.8
437,User437,3.7,4.1,5.0,3.0
438,User438,3.4,0.1,4.8,2.3
439,User439,0.6,3.6,3.0,5.0
440,User440,3.2,4.9,3.3,4.3
441,User441,2.3,1.5,0.3,1.7
442,User442,4.0,2.1,3.6,3.6
443,User443,2.2,4.2,0.3,1.0
444,User444,2.7,3.5,2.5,1.0
445,User445,0.1,4.4,0.1,2.8
446,User446,2.8,0.3,4.5,4.1
447,User447,1.0,3.9,2.9,4.7
448,User448,4.7,1.8,4.3,5.0
449,User449,0.3,2.8,1.2,0.4
450,User450,4.6,3.8,1.0,1.0
451,User451,0.5,4.2,2.6,1.1
452,User452,4.7,0.1,4.7,0.4
453,User453,1.4,0.1,1.6,2.2
454,User454,4.5,4.7,0.5,0.9
455,User455,0.5,3.0,1.1,4.1
456,User456,4.3,3.8,0.0,3.7
457,User457,3.7,0.9,4.4,0.2
458,User458,3.1,1.0,0.3,4.5
459,User459,0.6,3.8,4.7,4.4
460,User460,3.4,4.5,3.6,1.9
461,User461,2.4,2.0,0.3,4.0
462,User462,4.1,4.4,2.0,1.0
463,User463,2.5,0.6,3.9,1.3
464,User464,0.6,4.2,0.7,1.7
465,User465,2.4,3.4,3.3,4.2
466,User466,0.7,3.6,1.8,0.7
467,User467,4.5,0.2,2.7,0.6
468,User468,3.5,4.5,1.3,4.0
469,User469,1.2,3.9,1.0,3.3
470,User470,2.3,2.9,2.6,3.5
471,User471,1.1,2.8,2.8,1.1
472,User472,0.9,3.7,1.0,4.2
473,User473,2.5,1.9,1.6,1.0
474,User474,1.5,0.8,2.2,0.2
475,User475,3.8,1.3,2.4,2.8
476,User476,1.6,4.2,4.3,2.5
477,User477,2.6,4.5,1.7,2.6
478,User478,1.2,3.9,4.8,4.3
479,User479,1.3,4.1,0.1,3.1
480,User480,3.9,2.4,1.4,0.6
481,User481,3.0,3.1,0.5,1.8
482,User482,1.4,1.1,1.9,2.4
483,User483,2.7,0.5,2.9,4.7
484,User484,2.1,3.8,2.6,3.3
485,User485,1.4,1.6,4.0,1.5
486,User486,1.9,3.7,1.8,4.1
487,User487,4.1,0.5,0.3,1.8
488,User488,4.0,1.7,0.6,1.1
489,User489,2.6,1.0,1.9,4.1
490,User490,3.9,4.2,4.4,1.2
491,User491,2.3,2.2,1.4,2.8
492,User492,4.4,4.9,0.7,2.8
493,User493,3.7,2.2,3.9,4.4
494,User494,3.2,2.1,3.9,1.7
495,User495,3.7,3.3,3.7,1.9
496,User496,1.3,3.9,4.4,4.7
497,User497,3.7,4.8,3.2,2.2
498,User498,1.9,3.6,1.7,2.0
499,User499,4.8,5.0,4.8,0.8
500,User500,1.1,2.3,4.7,3.8
501,User501,3.0,4.2,0.2,2.9
502,User502,1.6,2.5,2.5,4.7
503,User503,1.2,0.2,0.5,0.9
504,User504,3.3,1.1,1.0,3.4
505,User505,1.9,4.1,2.9,2.5
506,User506,0.7,0.7,0.8,4.7
507,User507,0.7,4.6,1.5,4.7
508,User508,2.9,2.6,0.1,2.6
509,User509,3.6,3.6,3.0,0.4
510,User510,2.4,4.4,4.8,0.4
511,User511,3.5,1.6,0.9,2.4
512,User512,2.8,2.7,1.8,2.6
513,User513,2.2,3.9,3.1,1.8
514,User514,2.5,0.2,1.6,3.4
515,User515,1.2,4.5,0.4,4.1
516,User516,4.3,3.1,1.3,2.7
517,User517,4.4,4.1,4.5,2.8
518,User518,2.5,2.0,4.4,3.5
519,User519,4.3,3.7,2.5,0.5
520,User520,1.7,1.8,4.6,2.7
521,User521,1.5,2.4,2.2,0.4
522,User522,2.2,2.0,1.1,2.0
523,User523,2.0,1.0,0.9,0.3
524,User524,1.1,2.8,2.6,4.7
525,User525,4.8,1.4,4.6,5.0
526,User526,3.7,3.6,4.3,0.2
527,User527,1.3,2.9,2.9,0.9
528,User528,1.7,4.8,1.9,2.0
529,User529,1.9,3.6,0.1,2.4
530,User530,3.8,3.2,3.7,1.4
531,User531,3.5,1.7,3.9,0.3
532,User532,3.4,4.2,4.8,1.9
533,User533,1.0,0.5,4.4,4.2
534,User534,3.1,2.9,4.7,3.1
535,User535,4.3,1.0,4.3,3.0
536,User536,0.4,1.1,1.1,0.9
537,User537,0.7,2.6,3.8,1.8
538,User538,3.8,3.1,3.1,2.5
539,User539,2.1,3.3,4.1,1.8
540,User540,0.8,1.2,3.5,3.3
541,User541,4.0,2.8,4.8,4.3
542,User542,3.9,1.0,3.0,2.5
543,User543,4.6,2.2,3.7,3.3
544,User544,4.1,4.3,1.0,2.5
545,User545,1.5,0.8,4.5,4.9
546,User546,0.5,3.1,4.6,0.7
547,User547,3.1,1.9,3.8,4.8
548,User548,2.9,4.0,3.9,1.4
549,User549,4.3,0.3,1.9,1.1
550,User550,3.5,4.8,0.0,4.1
551,User551,1.0,1.0,0.0,4.8
552,User552,2.5,4.8,4.0,4.0
553,User553,1.4,3.2,0.9,3.8
554,User554,4.6,3.2,4.8,1.7
555,User555,4.3,3.9,2.9,4.5
556,User556,1.4,4.4,0.6,2.4
557,User557,1.5,0.8,3.2,4.5
558,User558,1.5,2.0,1.8,2.9
559,User559,1.7,1.4,1.9,3.3
560,User560,3.1,3.8,0.5,4.6
561,User561,4.6,1.9,3.8,1.8
562,User562,1.3,0.2,1.5,3.5
563,User563,1.4,3.6,4.8,0.2
564,User564,3.9,2.7,0.4,2.2
565,User565,2.0,4.0,0.6,1.4
566,User566,0.4,1.9,3.7,3.1
567,User567,2.6,2.5,1.9,4.2
568,User568,3.3,2.8,3.2,4.8
569,User569,2.3,0.2,2.2,4.4
570,User570,3.0,1.2,0.9,4.5
571,User571,4.0,1.6,4.1,0.5
572,User572,3.6,0.9,0.3,3.7
573,User573,0.9,4.6,4.3,0.0
574,User574,1.1,2.4,4.3,4.7
575,User575,1.7,0.1,2.4,1.0
576,User576,3.3,0.4,4.1,2.0
577,User577,3.9,3.8,4.9,1.5
578,User578,3.7,4.7,4.9,3.1
579,User579,3.8,4.6,0.2,5.0
580,User580,4.6,2.3,1.5,0.1
581,User581,2.0,1.1,2.8,0.6
582,User582,1.2,3.7,2.4,0.9
583,User583,0.1,4.9,2.1,4.9
584,User584,4.6,4.6,1.7,1.8
585,User585,3.9,2.6,4.3,1.4
586,User586,0.1,1.5,0.5,3.3
587,User587,3.1,2.0,1.7,1.8
588,User588,4.9,1.7,0.6,0.2
589,User589,3.2,0.8,4.7,2.0
590,User590,3.0,3.2,3.6,2.2
591,User591,3.8,1.5,4.1,0.7
592,User592,0.8,1.6,4.8,1.0
593,User593,1.1,4.3,1.0,0.6
594,User594,2.9,3.0,0.2,2.0
595,User595,4.9,2.7,3.4,1.6
596,User596,4.0,2.9,1.4,3.8
597,User597,2.6,1.3,1.1,4.9
598,User598,3.9,1.0,3.8,1.2
599,User599,2.1,4.0,0.1,4.1
600,User600,3.9,0.6,2.8,1.9
601,User601,2.8,3.5,4.1,0.2
602,User602,0.3,5.0,3.6,1.8
603,User603,4.5,3.9,3.1,3.3
604,User604,3.4,1.2,2.7,4.6
605,User605,2.0,3.5,0.1,1.2
606,User606,2.6,2.5,4.3,4.1
607,User607,2.0,2.8,1.3,4.8
608,User608,2.4,0.7,1.7,2.7
609,User609,1.3,3.1,3.8,3.0
610,User610,2.0,3.1,0.2,0.5
611,User611,2.1,1.2,0.4,5.0
612,User612,1.8,3.3,3.6,3.1
613,User613,1.1,0.1,1.2,4.5
614,User614,1.4,1.5,2.7,3.5
615,User615,4.1,2.7,4.6,1.2
616,User616,4.7,2.6,2.0,4.2
617,User617,1.1,0.7,4.8,2.3
618,User618,0.1,4.6,3.5,2.5
619,User619,1.7,4.4,1.8,1.9
620,User620,2.7,2.8,3.1,2.0
621,User621,2.6,0.9,2.6,1.8
622,User622,0.1,0.4,5.0,1.7
623,User623,4.4,1.6,1.0,1.4
624,User624,0.1,3.0,2.2,2.3
625,User625,2.4,2.6,0.4,2.4
626,User626,0.9,0.7,1.6,4.8
627,User627,1.1,0.0,1.7,0.5
628,User628,2.8,1.9,2.9,2.0
629,User629,4.2,4.4,3.3,1.8
630,User630,0.9,0.6,4.1,1.4
631,User631,2.9,1.8,0.1,0.5
632,User632,0.1,4.4,4.2,2.8
633,User633,1.2,2.6,4.0,3.7
634,User634,2.8,1.3,3.6,0.8
635,User635,3.4,5.0,4.5,3.8
636,User636,1.4,4.8,0.3,3.9
637,User637,1.5,0.4,2.3,4.1
638,User638,4.9,0.2,4.7,1.8
639,User639,2.9,1.1,0.1,3.3
640,User640,0.9,1.4,4.1,1.4
641,User641,4.9,3.6,0.5,1.3
642,User642,1.2,4.7,2.5,4.9
643,User643,4.8,1.3,4.0,2.6
644,User644,1.7,2.2,2.5,2.4
645,User645,2.1,3.8,4.1,4.8
646,User646,4.0,2.2,4.2,1.1
647,User647,1.6,1.0,4.9,4.9
648,User648,3.0,3.1,0.5,0.5
649,User649,0.2,3.8,0.2,2.8
650,User650,3.4,4.7,4.5,2.8
651,User651,3.0,2.4,2.6,3.5
652,User652,2.5,1.4,2.5,0.9
653,User653,1.2,4.9,4.7,3.3
654,User654,0.2,4.2,0.1,0.7
655,User655,2.7,1.1,2.1,0.7
656,User656,1.0,2.1,2.5,2.1
657,User657,1.2,1.0,3.0,3.9
658,User658,0.9,3.0,4.1,3.7
659,User659,3.0,0.3,2.8,2.8
660,User660,2.2,3.9,0.9,2.3
661,User661,3.1,0.9,4.5,0.4
662,User662,0.4,4.6,3.3,4.7
663,User663,3.8,4.4,2.2,4.1
664,User664,0.4,4.3,0.5,1.9
665,User665,4.5,1.2,4.8,4.1
666,User666,2.6,3.8,1.1,3.6
667,User667,2.9,4.4,4.6,1.8
668,User668,3.0,3.1,4.2,1.4
669,User669,4.4,3.2,2.5,2.6
670,User670,2.6,4.3,2.9,1.9
671,User671,1.7,3.9,4.3,4.7
672,User672,0.5,0.3,1.9,4.8
673,User673,0.1,4.9,3.7,4.5
674,User674,3.6,3.7,2.9,4.6
675,User675,2.0,1.2,4.0,3.1
676,User676,2.0,3.6,4.0,3.6
677,User677,3.0,2.0,1.0,2.6
678,User678,3.4,1.0,2.4,3.1
679,User679,2.9,1.2,2.6,2.7
680,User680,3.0,3.2,4.0,1.6
681,User681,4.1,4.3,4.3,1.2
682,User682,1.5,3.2,4.4,0.8
683,User683,4.4,0.4,3.1,3.9
684,User684,3.4,2.5,3.1,4.6
685,User685,3.8,0.9,2.6,1.3
686,User686,1.5,3.0,1.4,4.8
687,User687,0.4,5.0,4.8,0.5
688,User688,2.9,1.6,3.0,1.7
689,User689,1.7,1.1,1.7,0.5
690,User690,2.8,0.2,2.7,0.0
691,User691,4.1,2.5,1.0,4.3
692,User692,1.8,0.5,2.0,1.1
693,User693,0.1,3.5,2.7,0.7
694,User694,3.4,0.7,0.0,4.6
695,User695,2.3,2.0,1.1,3.8
696,User696,4.5,0.4,3.6,2.5
697,User697,2.6,1.5,2.4,0.1
698,User698,1.4,3.3,4.0,2.4
699,User699,1.8,2.2,1.7,3.2
700,User700,2.3,0.5,2.5,3.8
701,User701,1.7,1.3,3.5,3.4
702,User702,3.6,3.7,2.7,2.4
703,User703,1.0,3.6,4.6,0.9
704,User704,4.7,1.8,0.4,4.9
705,User705,1.5,1.8,1.8,1.3
706,User706,2.3,2.6,1.5,4.7
707,User707,2.1,3.3,2.1,4.2
708,User708,0.5,2.1,1.8,0.3
709,User709,4.1,2.2,3.9,2.9
710,User710,3.2,4.4,4.9,3.1
711,User711,4.3,4.0,3.7,1.9
712,User712,1.5,2.7,0.8,4.4
713,User713,1.1,0.5,1.8,2.8
714,User714,3.0,1.2,4.5,0.7
715,User715,2.6,0.0,2.3,3.9
716,User716,0.9,1.7,3.2,0.1
717,User717,4.0,1.0,1.8,0.7
718,User718,2.7,2.3,4.8,0.4
719,User719,2.1,4.0,4.5,4.4
720,User720,4.8,3.6,3.6,4.8
721,User721,0.1,1.7,1.3,0.8
722,User722,4.8,3.1,3.8,3.9
723,User723,3.9,4.0,1.8,0.8
724,User724,4.1,0.2,3.5,0.7
725,User725,1.0,0.9,0.7,4.1
726,User726,2.4,0.4,2.4,1.6
727,User727,5.0,2.0,0.4,1.4
728,User728,2.8,3.7,4.0,1.7
729,User729,3.3,4.4,1.4,0.1
730,User730,1.2,2.0,3.2,4.9
731,User731,1.1,3.2,1.7,0.1
732,User732,2.5,0.3,0.4,4.9
733,User733,0.5,0.9,4.7,1.0
734,User734,3.7,2.2,3.5,4.6
735,User735,3.4,0.7,2.3,3.6
736,User736,4.4,1.8,0.1,3.4
737,User737,2.7,3.5,2.5,1.4
738,User738,2.0,1.9,2.5,1.8
739,User739,1.7,1.8,3.5,0.8
740,User740,0.5,1.6,2.8,4.3
741,User741,2.8,4.8,3.0,4.7
742,User742,1.5,0.1,1.7,4.9
743,User743,3.6,4.5,1.1,5.0
744,User744,3.8,4.5,0.1,2.3
745,User745,4.7,2.0,3.1,0.2
746,User746,4.3,3.8,1.5,4.9
747,User747,3.9,0.9,4.1,3.2
748,User748,2.2,0.8,0.9,3.9
749,User749,3.8,1.6,1.7,1.6
750,User750,2.9,0.4,4.7,4.9
751,User751,4.8,4.7,4.7,3.2
752,User752,0.7,4.2,1.6,2.7
753,User753,3.8,4.0,4.0,1.7
754,User754,3.9,3.2,0.7,4.6
755,User755,2.3,1.5,1.5,2.8
756,User756,4.2,3.9,3.2,3.7
757,User757,1.5,1.7,1.6,3.5
758,User758,2.0,4.0,3.2,3.6
759,User759,2.2,3.9,3.3,1.7
760,User760,1.5,4.9,1.4,0.3
761,User761,2.3,4.2,4.3,1.9
762,User762,3.8,4.3,2.4,4.2
763,User763,3.7,2.8,2.7,0.8
764,User764,1.0,3.9,4.9,0.2
765,User765,4.1,4.8,1.9,2.4
766,User766,1.7,3.5,0.9,3.3
767,User767,1.6,3.9,4.3,3.6
768,User768,2.5,2.7,1.6,2.5
769,User769,1.5,4.3,3.4,0.2
770,User770,3.3,0.5,4.2,4.1
771,User771,0.6,1.8,2.3,0.4
772,User772,0.4,1.0,2.3,0.5
773,User773,4.1,3.3,0.6,1.1
774,User774,0.6,2.1,5.0,1.9
775,User775,0.0,2.7,4.2,0.4
776,User776,3.6,3.8,2.7,4.9
777,User777,4.0,4.3,4.4,2.9
778,User778,3.9,0.7,2.4,3.4
779,User779,4.2,0.0,2.2,4.8
780,User780,0.9,2.3,3.3,2.1
781,User781,3.7,3.3,0.8,4.4
782,User782,1.9,3.0,3.8,2.0
783,User783,3.2,4.3,1.8,4.0
784,User784,3.9,3.4,2.0,4.3
785,User785,2.3,1.4,3.8,3.4
786,User786,0.7,2.7,3.0,0.7
787,User787,0.1,0.4,2.7,0.9
788,User788,5.0,4.5,4.6,3.6
789,User789,1.8,0.4,3.7,3.1
790,User790,3.7,0.3,0.2,0.9
791,User791,3.2,4.1,2.2,2.8
792,User792,3.0,0.3,3.7,3.1
793,User793,3.3,4.1,2.2,3.1
794,User794,0.9,1.4,3.2,3.5
795,User795,4.5,1.1,0.4,4.7
796,User796,4.0,1.3,4.7,2.2
797,User797,1.6,2.6,2.4,2.6
798,User798,4.6,1.4,1.1,1.9
799,User799,3.4,0.4,2.8,0.8
800,User800,4.2,3.4,0.4,4.2
801,User801,0.1,3.2,1.3,4.1
802,User802,3.2,4.9,3.9,1.8
803,User803,1.8,0.2,1.0,2.9
804,User804,3.8,3.7,3.3,2.3
805,User805,4.9,4.2,2.0,3.8
806,User806,2.0,0.6,4.0,2.1
807,User807,4.1,2.8,4.4,1.9
808,User808,2.8,4.1,0.5,3.3
809,User809,3.6,4.2,2.7,2.7
810,User810,3.0,0.9,4.3,4.2
811,User811,3.7,2.2,0.3,0.7
812,User812,2.2,4.8,2.2,0.0
813,User813,2.8,0.9,1.3,4.7
814,User814,0.2,3.1,3.6,1.0
815,User815,4.4,1.1,0.1,0.9
816,User816,2.3,0.4,2.1,1.2
817,User817,1.4,4.9,1.8,4.6
818,User818,4.6,4.2,2.0,4.9
819,User819,4.0,5.0,4.3,0.5
820,User820,2.2,2.1,2.0,4.7
821,User821,2.0,1.7,0.5,3.8
822,User822,0.4,2.1,0.6,0.6
823,User823,1.0,1.0,3.6,0.4
824,User824,0.3,1.6,3.0,3.5
825,User825,2.9,0.5,4.3,0.8
826,User826,4.4,1.3,4.8,1.8
827,User827,0.3,3.6,2.5,2.3
828,User828,1.7,0.8,0.6,0.6
829,User829,3.2,0.6,4.8,4.1
830,User830,2.5,4.8,1.8,2.3
831,User831,1.8,0.5,0.5,4.7
832,User832,1.6,4.5,2.1,0.6
833,User833,4.5,4.2,2.9,0.2
834,User834,4.8,0.2,3.2,1.2
835,User835,1.6,0.1,0.7,0.6
836,User836,4.6,2.8,2.2,0.9
837,User837,4.8,1.7,0.2,3.9
838,User838,1.9,1.9,0.4,3.5
839,User839,2.6,3.6,4.9,3.8
840,User840,1.9,1.4,1.8,4.6
841,User841,3.2,4.3,0.8,3.4
842,User842,0.2,2.6,0.1,3.1
843,User843,2.0,4.8,1.8,1.4
844,User844,2.7,2.6,3.5,2.5
845,User845,3.8,3.5,4.6,3.3
846,User846,3.6,1.5,3.7,2.4
847,User847,3.5,3.8,2.1,4.8
848,User848,3.8,3.4,2.0,2.2
849,User849,4.0,2.5,1.3,2.3
850,User850,3.8,1.1,0.7,3.7
851,User851,1.0,3.5,1.1,2.0
852,User852,4.2,4.2,0.2,1.6
853,User853,2.2,0.7,0.5,2.8
854,User854,2.3,0.7,1.6,2.6
855,User855,2.5,4.9,3.3,3.7
856,User856,2.5,0.5,0.1,3.8
857,User857,0.4,3.6,3.4,1.7
858,User858,0.8,3.8,4.5,3.2
859,User859,4.9,0.9,4.4,0.5
860,User860,3.6,4.2,0.3,1.6
861,User861,0.3,1.8,4.2,2.2
862,User862,3.3,2.3,1.2,4.7
863,User863,4.8,2.9,0.8,3.9
864,User864,4.1,3.2,2.2,3.8
865,User865,0.2,0.8,4.3,1.6
866,User866,2.3,4.4,2.6,0.5
867,User867,4.4,1.0,1.3,3.1
868,User868,2.1,1.1,3.7,1.0
869,User869,0.4,3.3,0.8,1.1
870,User870,0.3,3.7,2.8,3.6
871,User871,3.7,3.5,0.3,1.0
872,User872,4.7,4.6,1.0,2.6
873,User873,3.2,3.5,2.5,0.7
874,User874,1.4,3.6,2.7,3.9
875,User875,3.4,2.9,0.1,1.2
876,User876,0.6,1.2,2.9,3.8
877,User877,2.7,4.2,0.7,1.2
878,User878,3.7,1.2,2.4,2.6
879,User879,2.7,2.1,3.1,3.4
880,User880,0.5,4.5,4.1,4.1
881,User881,4.2,4.9,2.4,1.7
882,User882,0.0,2.4,3.5,3.1
883,User883,4.3,2.9,4.0,0.6
884,User884,2.3,0.2,4.6,0.1
885,User885,1.9,3.2,2.6,3.9
886,User886,1.1,1.3,4.7,3.6
887,User887,3.5,3.5,1.3,4.5
888,User888,4.2,4.2,4.4,0.2
889,User889,3.2,2.1,0.2,2.1
890,User890,1.7,0.8,2.2,2.2
891,User891,4.3,3.7,3.8,2.1
892,User892,2.7,1.6,3.3,3.7
893,User893,0.1,0.9,2.1,4.9
894,User894,3.4,2.8,3.6,3.0
895,User895,0.5,4.3,2.5,1.3
896,User896,3.2,3.0,1.5,1.2
897,User897,1.7,1.7,1.0,2.1
898,User898,1.3,3.5,1.8,4.6
899,User899,3.1,3.9,1.0,2.5
900,User900,0.8,1.0,0.4,0.3
901,User901,0.7,4.1,2.0,4.5
902,User902,1.9,5.0,2.3,4.8
903,User903,2.2,0.3,2.3,3.9
904,User904,3.4,0.3,3.9,2.1
905,User905,4.3,1.6,2.0,2.8
906,User906,0.2,0.9,0.4,3.3
907,User907,1.6,4.1,3.3,2.7
908,User908,0.6,1.8,0.2,2.6
909,User909,4.4,0.4,3.9,4.7
910,User910,2.5,2.9,1.3,4.2
911,User911,2.3,1.3,1.7,1.1
912,User912,4.4,0.1,3.3,0.9
913,User913,3.0,4.7,2.4,1.5
914,User914,3.7,2.5,1.5,3.1
915,User915,2.5,4.3,0.1,1.6
916,User916,0.4,1.7,1.5,1.3
917,User917,0.8,0.3,0.9,2.3
918,User918,0.5,2.9,1.6,2.8
919,User919,3.5,1.2,2.0,3.0
920,User920,1.4,0.2,4.2,2.7
921,User921,1.8,3.4,4.0,2.9
922,User922,3.8,0.9,1.0,3.8
923,User923,1.1,2.9,0.6,1.2
924,User924,1.6,1.8,1.1,2.1
925,User925,0.9,4.3,1.5,2.9
926,User926,1.9,4.8,4.4,4.6
927,User927,2.2,5.0,4.8,4.2
928,User928,2.6,4.1,0.4,4.9
929,User929,2.6,0.2,3.2,1.4
930,User930,3.4,1.8,4.5,4.8
931,User931,3.4,1.0,2.0,3.4
932,User932,0.2,4.8,3.1,4.7
933,User933,1.9,2.4,4.8,1.6
934,User934,0.7,0.8,2.1,4.4
935,User935,3.8,1.4,4.0,3.3
936,User936,3.5,3.1,2.6,4.3
937,User937,2.6,4.7,4.7,4.6
938,User938,2.4,0.9,1.8,0.6
939,User939,4.8,3.7,4.6,2.6
940,User940,3.9,1.6,4.6,2.1
941,User941,2.1,3.8,2.1,0.2
942,User942,2.7,4.7,0.7,0.7
943,User943,4.7,2.6,4.1,4.0
944,User944,2.1,0.5,2.3,4.3
945,User945,3.1,2.3,0.8,3.8
946,User946,4.0,1.7,2.3,2.7
947,User947,0.1,2.6,2.7,4.9
948,User948,0.1,2.7,2.5,2.1
949,User949,3.1,3.5,4.4,4.6
950,User950,1.0,2.9,3.4,1.5
951,User951,1.2,4.5,3.9,2.1
952,User952,0.6,1.2,1.6,4.9
953,User953,4.2,3.4,2.4,4.7
954,User954,3.4,4.4,1.4,3.3
955,User955,0.2,4.5,2.3,2.8
956,User956,1.4,1.6,2.1,4.2
957,User957,2.3,0.1,1.7,4.6
958,User958,1.1,2.2,4.8,0.4
959,User959,3.3,3.3,2.4,3.9
960,User960,2.9,3.2,4.7,2.5
961,User961,0.7,4.4,0.8,0.0
962,User962,1.6,1.6,3.5,4.3
963,User963,4.7,1.0,4.9,2.5
964,User964,0.4,4.1,0.9,3.4
965,User965,2.7,4.4,2.9,4.5
966,User966,4.8,2.6,2.5,4.1
967,User967,0.8,3.6,0.7,0.8
968,User968,3.9,0.1,0.4,1.8
969,User969,4.7,4.7,1.7,3.3
970,User970,1.3,4.4,1.1,3.2
971,User971,0.5,4.7,1.9,1.0
972,User972,3.0,3.7,4.9,4.9
973,User973,2.6,0.2,2.3,4.4
974,User974,2.6,2.0,4.2,1.5
975,User975,0.4,2.9,4.7,0.3
976,User976,4.8,0.0,1.0,3.7
977,User977,3.8,4.9,3.9,3.8
978,User978,3.9,0.7,0.2,0.2
979,User979,2.1,1.5,0.9,0.5
980,User980,1.1,4.1,0.2,0.1
981,User981,2.8,4.9,2.6,4.0
982,User982,4.7,2.9,0.9,3.5
983,User983,3.7,1.9,4.7,3.0
984,User984,4.3,0.2,2.4,4.5
985,User985,1.7,1.5,1.1,2.4
986,User986,2.1,3.8,2.0,1.3
987,User987,3.3,4.7,3.7,3.5
988,User988,2.4,1.7,1.4,4.0
989,User989,4.7,3.0,3.6,1.4
990,User990,1.5,3.7,2.0,4.6
991,User991,2.0,0.9,0.6,1.3
992,User992,2.1,3.6,5.0,1.3
993,User993,3.2,2.6,3.0,4.4
994,User994,5.0,3.5,0.7,2.6
995,User995,4.3,4.1,3.9,4.3
996,User996,1.7,0.4,0.8,3.7
997,User997,3.8,4.3,2.5,3.7
998,User998,1.8,2.8,1.2,0.6
999,User999,1.9,3.4,4.0,3.3